Datetime,Store,Weekly_Sales
2012-04-06,1,1899676.8799999997
2012-04-06,10,2163384.17
2012-04-06,11,1596325.01
2012-04-06,12,1128765.71
2012-04-06,13,2271614.76
2012-04-06,14,2376022.26
2012-04-06,15,659950.3600000002
2012-04-06,16,502662.07000000024
2012-04-06,17,986922.6199999999
2012-04-06,18,1200815.3000000003
2012-04-06,19,1631737.68
2012-04-06,2,2129035.91
2012-04-06,20,2565259.92
2012-04-06,21,761956.5799999998
2012-04-06,22,1197489.6599999997
2012-04-06,23,1604605.6899999995
2012-04-06,24,1524734.2899999998
2012-04-06,25,791356.9
2012-04-06,26,1116829.23
2012-04-06,27,1899013.3399999996
2012-04-06,28,1559592.7900000003
2012-04-06,29,633826.55
2012-04-06,3,503232.1299999999
2012-04-06,30,461511.92
2012-04-06,31,1496169.8100000003
2012-04-06,32,1270577.0099999998
2012-04-06,33,275911.97
2012-04-06,34,1091020.37
2012-04-06,35,860293.46
2012-04-06,36,331026.11000000004
2012-04-06,37,564848.78
2012-04-06,38,499267.66
2012-04-06,39,1764847.9400000002
2012-04-06,4,2470206.1300000004
2012-04-06,40,1132064.2299999997
2012-04-06,41,1460234.3100000003
2012-04-06,42,652312.1099999999
2012-04-06,43,658468.2699999999
2012-04-06,44,320021.10000000003
2012-04-06,45,899479.4299999998
2012-04-06,5,402985.70000000007
2012-04-06,6,1840131.19
2012-04-06,7,621425.9799999999
2012-04-06,8,1046816.5900000001
2012-04-06,9,677885.99
2012-04-13,1,1621031.7
2012-04-13,10,1974687.510000001
2012-04-13,11,1472752.01
2012-04-13,12,1083811.1900000002
2012-04-13,13,2057637.8600000003
2012-04-13,14,1912909.69
2012-04-13,15,558585.13
2012-04-13,16,450756.71
2012-04-13,17,877055.3199999997
2012-04-13,18,998443.4999999999
2012-04-13,19,1365098.4599999997
2012-04-13,2,1935869.1
2012-04-13,20,2045396.0599999998
2012-04-13,21,769319.0399999999
2012-04-13,22,939118.24
2012-04-13,23,1231752.5399999998
2012-04-13,24,1285783.8699999999
2012-04-13,25,658691.5599999999
2012-04-13,26,889670.2900000002
2012-04-13,27,1650405.2099999997
2012-04-13,28,1290684.9499999997
2012-04-13,29,520493.82999999996
2012-04-13,3,420789.7399999999
2012-04-13,30,428784.7000000001
2012-04-13,31,1407842.91
2012-04-13,32,1171834.4699999997
2012-04-13,33,312698.6699999999
2012-04-13,34,987353.6499999999
2012-04-13,35,788633.4199999999
2012-04-13,36,339407.94000000006
2012-04-13,37,506973.1700000001
2012-04-13,38,435790.7399999999
2012-04-13,39,1580732.7299999997
2012-04-13,4,2105301.39
2012-04-13,40,857811.1699999999
2012-04-13,41,1323004.7299999995
2012-04-13,42,639123.45
2012-04-13,43,665687.92
2012-04-13,44,311390.22
2012-04-13,45,781970.6000000002
2012-04-13,5,351832.0300000001
2012-04-13,6,1616394.4500000002
2012-04-13,7,517420.23000000004
2012-04-13,8,909989.4500000001
2012-04-13,9,578539.86
2012-04-20,1,1521577.8699999999
2012-04-20,10,1777166.5299999998
2012-04-20,11,1315356.9900000002
2012-04-20,12,1006486.9599999998
2012-04-20,13,1955689.1200000003
2012-04-20,14,1875686.4399999995
2012-04-20,15,534780.5699999997
2012-04-20,16,436221.26000000007
2012-04-20,17,1119979.98
2012-04-20,18,1025813.8
2012-04-20,19,1255087.2599999998
2012-04-20,2,1847344.4500000002
2012-04-20,20,1884427.8399999992
2012-04-20,21,734858.9100000004
2012-04-20,22,1000342.8700000006
2012-04-20,23,1287899.41
2012-04-20,24,1208654.3999999994
2012-04-20,25,661566.4799999997
2012-04-20,26,923600.0200000001
2012-04-20,27,1639999.4699999995
2012-04-20,28,1180797.2000000002
2012-04-20,29,525200.5900000001
2012-04-20,3,434822.1299999999
2012-04-20,30,462909.4099999999
2012-04-20,31,1407036.5899999999
2012-04-20,32,1121405.9100000001
2012-04-20,33,261837.2
2012-04-20,34,977628.78
2012-04-20,35,794660.2400000003
2012-04-20,36,323915.31999999995
2012-04-20,37,523483.19000000006
2012-04-20,38,401615.7999999999
2012-04-20,39,1433391.0399999996
2012-04-20,4,2144336.8899999987
2012-04-20,40,896979.9299999999
2012-04-20,41,1220815.33
2012-04-20,42,552529.2299999999
2012-04-20,43,638144.98
2012-04-20,44,323233.8
2012-04-20,45,776661.7400000003
2012-04-20,5,330063.05999999994
2012-04-20,6,1456073.2399999995
2012-04-20,7,457340.06
2012-04-20,8,872288.4600000001
2012-04-20,9,542819.0299999999
2012-04-27,1,1468928.3699999994
2012-04-27,10,1712987.5600000003
2012-04-27,11,1236238.29
2012-04-27,12,1004252.3800000002
2012-04-27,13,1970121.6499999997
2012-04-27,14,1784029.95
2012-04-27,15,527402.6199999999
2012-04-27,16,398445.1500000001
2012-04-27,17,925916.6500000003
2012-04-27,18,961186.2300000001
2012-04-27,19,1285897.24
2012-04-27,2,1764133.0899999996
2012-04-27,20,1886503.9300000002
2012-04-27,21,674829.58
2012-04-27,22,922539.9400000002
2012-04-27,23,1277758.7599999998
2012-04-27,24,1194334.6500000001
2012-04-27,25,655157.32
2012-04-27,26,911968.9999999999
2012-04-27,27,1565498.84
2012-04-27,28,1170456.1600000001
2012-04-27,29,497250.22000000003
2012-04-27,3,394616.1099999999
2012-04-27,30,433744.83
2012-04-27,31,1311352.25
2012-04-27,32,1126962.44
2012-04-27,33,249798.75000000003
2012-04-27,34,940299.8700000001
2012-04-27,35,721212.4499999998
2012-04-27,36,308389.82
2012-04-27,37,528807.4500000001
2012-04-27,38,419964.77
2012-04-27,39,1456997.2000000002
2012-04-27,4,2064065.6599999997
2012-04-27,40,875372.9099999999
2012-04-27,41,1248950.65
2012-04-27,42,526625.4900000001
2012-04-27,43,593138.5900000002
2012-04-27,44,330338.36
2012-04-27,45,711571.88
2012-04-27,5,324839.74
2012-04-27,6,1456221.0999999992
2012-04-27,7,467827.75000000006
2012-04-27,8,879448.2500000001
2012-04-27,9,550414.99
2012-05-04,1,1684519.99
2012-05-04,10,1821364.4199999997
2012-05-04,11,1370251.2200000002
2012-05-04,12,1073433.6900000002
2012-05-04,13,1995994.5100000002
2012-05-04,14,1949354.2900000003
2012-05-04,15,577868.3799999999
2012-05-04,16,426959.62000000017
2012-05-04,17,930121.1399999997
2012-05-04,18,1050027.8900000001
2012-05-04,19,1405007.4400000002
2012-05-04,2,1923957.0900000003
2012-05-04,20,2163510.89
2012-05-04,21,697645.32
2012-05-04,22,1005083.3099999998
2012-05-04,23,1317379.68
2012-05-04,24,1306551.71
2012-05-04,25,696421.72
2012-05-04,26,946573.29
2012-05-04,27,1669388.45
2012-05-04,28,1450628.8500000003
2012-05-04,29,504963.8400000001
2012-05-04,3,439913.5699999999
2012-05-04,30,454477.5399999999
2012-05-04,31,1391257.2800000003
2012-05-04,32,1187384.5299999996
2012-05-04,33,270497.51
2012-05-04,34,991104.4
2012-05-04,35,772036.6000000003
2012-05-04,36,312467.5200000001
2012-05-04,37,535311.64
2012-05-04,38,491755.68999999994
2012-05-04,39,1512227.34
2012-05-04,4,2196968.3299999996
2012-05-04,40,993311.5899999996
2012-05-04,41,1359770.7299999997
2012-05-04,42,609274.89
2012-05-04,43,637964.2000000002
2012-05-04,44,326053.2799999999
2012-05-04,45,782300.6800000003
2012-05-04,5,360932.69000000006
2012-05-04,6,1543461.12
2012-05-04,7,465198.8900000001
2012-05-04,8,937232.0899999999
2012-05-04,9,586289.0800000001
2012-05-11,1,1611096.05
2012-05-11,10,1792345.299999999
2012-05-11,11,1300147.07
2012-05-11,12,1041995.2200000001
2012-05-11,13,2080764.1699999992
2012-05-11,14,1987531.0499999996
2012-05-11,15,579539.95
2012-05-11,16,479855.00000000006
2012-05-11,17,944100.3000000002
2012-05-11,18,1060433.1000000003
2012-05-11,19,1442873.22
2012-05-11,2,1917520.99
2012-05-11,20,2168097.11
2012-05-11,21,649945.5399999999
2012-05-11,22,997868.6300000001
2012-05-11,23,1321914.34
2012-05-11,24,1355391.7899999998
2012-05-11,25,739866.1599999999
2012-05-11,26,1062548.73
2012-05-11,27,1674306.31
2012-05-11,28,1264575.1800000002
2012-05-11,29,529707.8700000001
2012-05-11,3,431985.36000000016
2012-05-11,30,436070.45
2012-05-11,31,1392938.06
2012-05-11,32,1187051.07
2012-05-11,33,295841.83999999997
2012-05-11,34,949625.5199999999
2012-05-11,35,802383.6299999999
2012-05-11,36,330518.33999999997
2012-05-11,37,527983.04
2012-05-11,38,429914.60000000003
2012-05-11,39,1470792.4100000004
2012-05-11,4,2127661.17
2012-05-11,40,967729.35
2012-05-11,41,1353285.0999999999
2012-05-11,42,643603.6900000001
2012-05-11,43,640159.04
2012-05-11,44,341381.07999999996
2012-05-11,45,770487.3700000001
2012-05-11,5,333870.5200000001
2012-05-11,6,1517075.6700000002
2012-05-11,7,460397.41000000003
2012-05-11,8,920128.89
2012-05-11,9,592572.2999999998
2012-05-18,1,1595901.8699999996
2012-05-18,10,1795152.7299999997
2012-05-18,11,1352442.3099999998
2012-05-18,12,1020486.05
2012-05-18,13,2131900.55
2012-05-18,14,1932233.1699999997
2012-05-18,15,600050.9800000001
2012-05-18,16,493506.4700000002
2012-05-18,17,968816.3300000002
2012-05-18,18,1047444.59
2012-05-18,19,1366937.1
2012-05-18,2,2000940.6699999995
2012-05-18,20,2039222.26
2012-05-18,21,700554.1599999999
2012-05-18,22,986612.0200000003
2012-05-18,23,1332952.4700000002
2012-05-18,24,1298809.7999999998
2012-05-18,25,717207.19
2012-05-18,26,978082.8400000001
2012-05-18,27,1707158.8199999998
2012-05-18,28,1213310.4500000004
2012-05-18,29,543706.0399999999
2012-05-18,3,418112.75999999995
2012-05-18,30,460945.1400000001
2012-05-18,31,1441473.82
2012-05-18,32,1177539.7100000002
2012-05-18,33,276899.95
2012-05-18,34,998672.85
2012-05-18,35,819196.6799999997
2012-05-18,36,324801.13
2012-05-18,37,534847.9600000001
2012-05-18,38,412314.70999999996
2012-05-18,39,1522978.5399999998
2012-05-18,4,2207214.8100000005
2012-05-18,40,896295.4099999995
2012-05-18,41,1331514.44
2012-05-18,42,590636.3800000001
2012-05-18,43,648541.8099999999
2012-05-18,44,334042.43
2012-05-18,45,800842.2799999998
2012-05-18,5,336189.66
2012-05-18,6,1513635.6400000004
2012-05-18,7,468428.3
2012-05-18,8,913922.0099999997
2012-05-18,9,571463.93
2012-05-25,1,1555444.5500000003
2012-05-25,10,1830939.1
2012-05-25,11,1297335.87
2012-05-25,12,991514.2100000001
2012-05-25,13,2043349.41
2012-05-25,14,2030869.6099999996
2012-05-25,15,693780.4200000003
2012-05-25,16,518045.0899999999
2012-05-25,17,984881.5900000002
2012-05-25,18,1088446.58
2012-05-25,19,1485540.2800000005
2012-05-25,2,1912791.0899999999
2012-05-25,20,2114989.0
2012-05-25,21,722891.24
2012-05-25,22,1047297.3799999997
2012-05-25,23,1552934.6400000004
2012-05-25,24,1407897.57
2012-05-25,25,783371.0200000003
2012-05-25,26,1067310.74
2012-05-25,27,1818906.7300000002
2012-05-25,28,1151214.41
2012-05-25,29,549665.6699999998
2012-05-25,3,413701.29
2012-05-25,30,449355.91000000003
2012-05-25,31,1397094.26
2012-05-25,32,1232784.2199999997
2012-05-25,33,261851.74
2012-05-25,34,1015737.6100000002
2012-05-25,35,822167.1699999998
2012-05-25,36,306098.17
2012-05-25,37,540625.79
2012-05-25,38,422810.12000000005
2012-05-25,39,1596036.6600000001
2012-05-25,4,2154137.6699999995
2012-05-25,40,991054.4899999999
2012-05-25,41,1424500.47
2012-05-25,42,535764.58
2012-05-25,43,597406.39
2012-05-25,44,343268.29
2012-05-25,45,817741.17
2012-05-25,5,341994.4799999998
2012-05-25,6,1603793.4199999997
2012-05-25,7,532739.7699999999
2012-05-25,8,895157.4400000004
2012-05-25,9,547226.0000000001
2012-06-01,1,1624477.5800000003
2012-06-01,10,1767471.4799999995
2012-06-01,11,1361595.3299999998
2012-06-01,12,981345.2000000001
2012-06-01,13,2035431.3899999997
2012-06-01,14,2049485.4899999995
2012-06-01,15,663971.26
2012-06-01,16,532311.9299999998
2012-06-01,17,938914.2799999999
2012-06-01,18,1118313.6999999997
2012-06-01,19,1450733.2900000005
2012-06-01,2,1910092.3700000003
2012-06-01,20,2143126.5900000003
2012-06-01,21,695439.8299999997
2012-06-01,22,1102857.37
2012-06-01,23,1476144.34
2012-06-01,24,1467722.19
2012-06-01,25,694765.9500000003
2012-06-01,26,1015853.0299999996
2012-06-01,27,1900638.6
2012-06-01,28,1245480.95
2012-06-01,29,576252.35
2012-06-01,3,432268.53
2012-06-01,30,427021.17999999993
2012-06-01,31,1404516.29
2012-06-01,32,1157557.79
2012-06-01,33,261131.09
2012-06-01,34,977062.44
2012-06-01,35,932195.52
2012-06-01,36,306005.5299999999
2012-06-01,37,531811.85
2012-06-01,38,435579.7000000001
2012-06-01,39,1640476.7699999998
2012-06-01,4,2179360.939999999
2012-06-01,40,1037464.2699999999
2012-06-01,41,1374891.3599999996
2012-06-01,42,521953.7800000001
2012-06-01,43,605078.6199999999
2012-06-01,44,323410.94000000006
2012-06-01,45,837144.63
2012-06-01,5,359867.8
2012-06-01,6,1681121.3800000004
2012-06-01,7,598495.0199999999
2012-06-01,8,921161.2
2012-06-01,9,583648.5899999999
2012-06-08,1,1697230.9600000002
2012-06-08,10,1840491.41
2012-06-08,11,1414343.5299999998
2012-06-08,12,1086231.4700000002
2012-06-08,13,2182437.9
2012-06-08,14,2099615.88
2012-06-08,15,611390.6699999998
2012-06-08,16,603618.8900000002
2012-06-08,17,987990.2400000002
2012-06-08,18,1110479.9400000002
2012-06-08,19,1390122.1100000006
2012-06-08,2,2010216.49
2012-06-08,20,2231962.1300000004
2012-06-08,21,707895.7200000001
2012-06-08,22,1061134.3699999999
2012-06-08,23,1568048.5400000003
2012-06-08,24,1406313.13
2012-06-08,25,730254.1900000001
2012-06-08,26,1106176.8299999998
2012-06-08,27,1764756.3099999996
2012-06-08,28,1440687.6899999995
2012-06-08,29,554093.1500000001
2012-06-08,3,446336.7999999999
2012-06-08,30,437222.94
2012-06-08,31,1443285.7899999996
2012-06-08,32,1246322.4399999997
2012-06-08,33,286082.75999999995
2012-06-08,34,999511.2900000003
2012-06-08,35,873415.0099999998
2012-06-08,36,338273.38000000006
2012-06-08,37,528940.7799999999
2012-06-08,38,448110.25
2012-06-08,39,1623442.24
2012-06-08,4,2245257.1799999997
2012-06-08,40,1079386.8800000004
2012-06-08,41,1436383.8399999996
2012-06-08,42,642671.48
2012-06-08,43,643032.51
2012-06-08,44,340238.38
2012-06-08,45,795133.0000000003
2012-06-08,5,341704.59
2012-06-08,6,1696619.5200000003
2012-06-08,7,642963.75
2012-06-08,8,928819.9999999999
2012-06-08,9,582525.4199999998
2012-06-15,1,1630606.9999999998
2012-06-15,10,1811562.8800000001
2012-06-15,11,1417875.42
2012-06-15,12,1019555.5099999998
2012-06-15,13,2152229.11
2012-06-15,14,1905733.68
2012-06-15,15,636737.6499999998
2012-06-15,16,570045.7899999999
2012-06-15,17,964169.6700000002
2012-06-15,18,1057425.8300000003
2012-06-15,19,1440263.15
2012-06-15,2,1962924.2999999998
2012-06-15,20,2165160.2899999996
2012-06-15,21,727049.0399999998
2012-06-15,22,1061219.19
2012-06-15,23,1543667.6799999997
2012-06-15,24,1364445.9800000002
2012-06-15,25,753860.89
2012-06-15,26,1029248.2200000002
2012-06-15,27,1773500.5600000003
2012-06-15,28,1229760.9699999997
2012-06-15,29,552338.7599999998
2012-06-15,3,442074.79000000015
2012-06-15,30,438523.24000000005
2012-06-15,31,1431003.43
2012-06-15,32,1234759.5400000005
2012-06-15,33,290444.31000000006
2012-06-15,34,982345.5100000001
2012-06-15,35,848289.41
2012-06-15,36,333146.88000000006
2012-06-15,37,508573.16000000003
2012-06-15,38,430222.07
2012-06-15,39,1587499.8200000003
2012-06-15,4,2234190.9299999997
2012-06-15,40,977950.28
2012-06-15,41,1384584.5900000005
2012-06-15,42,606309.13
2012-06-15,43,634815.0999999999
2012-06-15,44,338400.82000000007
2012-06-15,45,821498.18
2012-06-15,5,327383.63999999996
2012-06-15,6,1642247.48
2012-06-15,7,666942.0200000001
2012-06-15,8,916918.6999999998
2012-06-15,9,564606.1000000001
2012-06-22,1,1527845.81
2012-06-22,10,1755334.1799999997
2012-06-22,11,1355680.2999999998
2012-06-22,12,981386.2499999998
2012-06-22,13,2094372.9999999995
2012-06-22,14,1660228.88
2012-06-22,15,687085.5999999999
2012-06-22,16,581745.7199999999
2012-06-22,17,981210.5700000003
2012-06-22,18,1080357.89
2012-06-22,19,1468350.3600000003
2012-06-22,2,1887733.2099999993
2012-06-22,20,2060588.6899999995
2012-06-22,21,735870.0
2012-06-22,22,1112449.2999999996
2012-06-22,23,1522042.5699999998
2012-06-22,24,1434709.63
2012-06-22,25,721601.9
2012-06-22,26,1056282.9100000001
2012-06-22,27,1837884.7899999996
2012-06-22,28,1180671.5499999998
2012-06-22,29,581854.5000000002
2012-06-22,3,419497.9500000001
2012-06-22,30,428554.62999999995
2012-06-22,31,1394065.76
2012-06-22,32,1196880.1099999996
2012-06-22,33,261666.29000000004
2012-06-22,34,1000285.1000000001
2012-06-22,35,911696.0
2012-06-22,36,306411.01000000007
2012-06-22,37,484032.75
2012-06-22,38,405938.35000000003
2012-06-22,39,1532316.7899999998
2012-06-22,4,2197299.6499999994
2012-06-22,40,1033552.1800000003
2012-06-22,41,1386407.17
2012-06-22,42,540031.29
2012-06-22,43,613270.79
2012-06-22,44,336240.99999999994
2012-06-22,45,822569.1600000003
2012-06-22,5,325041.68
2012-06-22,6,1618272.2499999998
2012-06-22,7,687344.6799999999
2012-06-22,8,899449.6500000001
2012-06-22,9,562173.12
2012-06-29,1,1540421.4900000002
2012-06-29,10,1707481.8999999997
2012-06-29,11,1297028.6
2012-06-29,12,943124.7400000002
2012-06-29,13,2037663.7100000004
2012-06-29,14,1591835.02
2012-06-29,15,624099.4799999999
2012-06-29,16,570162.2799999999
2012-06-29,17,982322.2399999999
2012-06-29,18,1097006.3
2012-06-29,19,1379652.6500000001
2012-06-29,2,1881046.1200000008
2012-06-29,20,2055952.609999999
2012-06-29,21,716341.3900000001
2012-06-29,22,1053881.7800000003
2012-06-29,23,1451782.1600000006
2012-06-29,24,1428869.9
2012-06-29,25,718890.8100000004
2012-06-29,26,1051190.4400000002
2012-06-29,27,1842555.32
2012-06-29,28,1129031.9799999997
2012-06-29,29,555954.1299999999
2012-06-29,3,422965.3300000001
2012-06-29,30,423192.4
2012-06-29,31,1349202.25
2012-06-29,32,1178211.8100000003
2012-06-29,33,244338.31000000003
2012-06-29,34,942970.6299999999
2012-06-29,35,892133.4100000001
2012-06-29,36,291530.43000000005
2012-06-29,37,508309.8099999999
2012-06-29,38,404634.36000000004
2012-06-29,39,1492388.9799999997
2012-06-29,4,2128362.9200000004
2012-06-29,40,988764.84
2012-06-29,41,1355600.0099999998
2012-06-29,42,507403.77
2012-06-29,43,593128.1299999999
2012-06-29,44,338386.08
2012-06-29,45,773367.71
2012-06-29,5,329658.1000000001
2012-06-29,6,1648863.46
2012-06-29,7,704335.4099999999
2012-06-29,8,878298.2199999999
2012-06-29,9,544770.7000000001
2012-07-06,1,1769854.16
2012-07-06,10,1805999.7899999998
2012-07-06,11,1461129.94
2012-07-06,12,1014898.7799999999
2012-07-06,13,2184980.350000001
2012-07-06,14,1862128.9500000002
2012-07-06,15,678024.75
2012-07-06,16,641763.5299999999
2012-07-06,17,1046782.5199999998
2012-07-06,18,1158247.3099999998
2012-07-06,19,1557120.4400000004
2012-07-06,2,2041507.4000000004
2012-07-06,20,2358055.299999999
2012-07-06,21,693013.5899999999
2012-07-06,22,1097786.1400000001
2012-07-06,23,1545370.1600000001
2012-07-06,24,1645097.7500000005
2012-07-06,25,753385.5499999998
2012-07-06,26,1180470.8000000003
2012-07-06,27,2062224.92
2012-07-06,28,1500863.5400000003
2012-07-06,29,578832.4099999999
2012-07-06,3,411206.5
2012-07-06,30,440553.42
2012-07-06,31,1458059.4200000002
2012-07-06,32,1214183.9700000004
2012-07-06,33,273690.36999999994
2012-07-06,34,1007867.6799999999
2012-07-06,35,985479.6399999998
2012-07-06,36,306578.88999999996
2012-07-06,37,519498.3200000001
2012-07-06,38,471086.22
2012-07-06,39,1659221.9900000005
2012-07-06,4,2224499.28
2012-07-06,40,1182901.5599999998
2012-07-06,41,1456300.8900000001
2012-07-06,42,618702.0900000001
2012-07-06,43,645618.5900000001
2012-07-06,44,358461.5799999999
2012-07-06,45,843361.1000000001
2012-07-06,5,341214.43000000005
2012-07-06,6,1876359.3900000004
2012-07-06,7,805642.61
2012-07-06,8,936205.5000000001
2012-07-06,9,578790.3599999999
2012-07-13,1,1527014.04
2012-07-13,10,1765571.9100000001
2012-07-13,11,1320239.5099999998
2012-07-13,12,960312.7500000001
2012-07-13,13,2002750.99
2012-07-13,14,1544422.3500000003
2012-07-13,15,591335.5000000003
2012-07-13,16,569005.06
2012-07-13,17,960746.0399999997
2012-07-13,18,1024784.92
2012-07-13,19,1321741.35
2012-07-13,2,1830075.1299999997
2012-07-13,20,2134680.12
2012-07-13,21,668132.3600000001
2012-07-13,22,971361.3799999997
2012-07-13,23,1384921.6300000004
2012-07-13,24,1405475.7799999996
2012-07-13,25,714093.9499999998
2012-07-13,26,1063149.7800000003
2012-07-13,27,1755889.5300000005
2012-07-13,28,1179915.0400000003
2012-07-13,29,514709.7600000002
2012-07-13,3,416913.0999999999
2012-07-13,30,417640.33999999997
2012-07-13,31,1374301.34
2012-07-13,32,1141184.6600000004
2012-07-13,33,287033.63999999996
2012-07-13,34,954677.75
2012-07-13,35,825763.4799999999
2012-07-13,36,298337.41000000003
2012-07-13,37,506005.47000000003
2012-07-13,38,416036.75000000006
2012-07-13,39,1471261.7600000002
2012-07-13,4,2100252.61
2012-07-13,40,979848.71
2012-07-13,41,1332594.07
2012-07-13,42,628099.0800000001
2012-07-13,43,627634.04
2012-07-13,44,336479.48999999993
2012-07-13,45,749817.0800000001
2012-07-13,5,316203.6399999999
2012-07-13,6,1588142.26
2012-07-13,7,694150.8899999997
2012-07-13,8,890488.0099999999
2012-07-13,9,536537.64
2012-07-20,1,1497954.7600000002
2012-07-20,10,1869967.03
2012-07-20,11,1344483.8099999998
2012-07-20,12,941550.34
2012-07-20,13,2053089.3199999998
2012-07-20,14,1553250.1600000006
2012-07-20,15,592369.2199999996
2012-07-20,16,565297.54
2012-07-20,17,944698.7
2012-07-20,18,1033543.5599999998
2012-07-20,19,1317672.92
2012-07-20,2,1819666.46
2012-07-20,20,1970170.2899999998
2012-07-20,21,691200.33
2012-07-20,22,991969.37
2012-07-20,23,1381339.2300000004
2012-07-20,24,1394299.0
2012-07-20,25,685676.58
2012-07-20,26,1049625.9000000001
2012-07-20,27,1730913.66
2012-07-20,28,1149427.4800000002
2012-07-20,29,506705.36000000004
2012-07-20,3,432424.8500000001
2012-07-20,30,427491.04
2012-07-20,31,1392395.2000000002
2012-07-20,32,1167829.33
2012-07-20,33,253205.89
2012-07-20,34,950929.5900000001
2012-07-20,35,841224.7399999999
2012-07-20,36,303289.55
2012-07-20,37,503744.56
2012-07-20,38,441683.74
2012-07-20,39,1582168.27
2012-07-20,4,2175563.6900000004
2012-07-20,40,968502.38
2012-07-20,41,1347175.93
2012-07-20,42,530318.3900000001
2012-07-20,43,596554.05
2012-07-20,44,337819.16000000003
2012-07-20,45,737613.65
2012-07-20,5,321205.12
2012-07-20,6,1574361.97
2012-07-20,7,686345.6899999998
2012-07-20,8,888834.0699999998
2012-07-20,9,513991.5699999999
2012-07-27,1,1439123.7100000004
2012-07-27,10,1817603.6599999997
2012-07-27,11,1272395.0199999996
2012-07-27,12,916967.9200000003
2012-07-27,13,1914430.53
2012-07-27,14,1479514.66
2012-07-27,15,571190.8300000001
2012-07-27,16,539337.87
2012-07-27,17,907493.2400000003
2012-07-27,18,924506.2599999999
2012-07-27,19,1248915.4299999997
2012-07-27,2,1757923.88
2012-07-27,20,1911559.1
2012-07-27,21,677789.14
2012-07-27,22,925731.2100000002
2012-07-27,23,1322932.3600000003
2012-07-27,24,1307339.1400000001
2012-07-27,25,659109.53
2012-07-27,26,1031745.14
2012-07-27,27,1625883.7099999997
2012-07-27,28,1135035.0900000005
2012-07-27,29,475158.2399999998
2012-07-27,3,389427.89999999997
2012-07-27,30,424581.17000000004
2012-07-27,31,1303732.3600000008
2012-07-27,32,1144901.5199999996
2012-07-27,33,249134.32
2012-07-27,34,917883.7899999999
2012-07-27,35,808030.15
2012-07-27,36,279643.42999999993
2012-07-27,37,514489.17000000004
2012-07-27,38,407186.4700000001
2012-07-27,39,1487797.5399999998
2012-07-27,4,2048613.6500000001
2012-07-27,40,954396.8499999997
2012-07-27,41,1344723.97
2012-07-27,42,516352.2100000001
2012-07-27,43,572447.5199999999
2012-07-27,44,319855.26
2012-07-27,45,711671.5800000001
2012-07-27,5,306827.36000000004
2012-07-27,6,1513229.1599999997
2012-07-27,7,686365.3999999999
2012-07-27,8,838227.52
2012-07-27,9,495950.99999999994
2012-08-03,1,1631135.7899999996
2012-08-03,10,1939440.09
2012-08-03,11,1399341.0700000008
2012-08-03,12,958667.2300000001
2012-08-03,13,2044148.23
2012-08-03,14,1656886.46
2012-08-03,15,590739.6200000001
2012-08-03,16,584000.71
2012-08-03,17,877813.3300000001
2012-08-03,18,1052066.5800000003
2012-08-03,19,1342123.78
2012-08-03,2,1946104.6400000008
2012-08-03,20,2094515.7099999997
2012-08-03,21,693785.8500000003
2012-08-03,22,1007257.8300000003
2012-08-03,23,1416926.3100000005
2012-08-03,24,1440374.13
2012-08-03,25,709724.5999999996
2012-08-03,26,1090915.0899999999
2012-08-03,27,1705810.8400000003
2012-08-03,28,1376520.1000000003
2012-08-03,29,504754.74000000005
2012-08-03,3,419990.2899999998
2012-08-03,30,425136.55
2012-08-03,31,1390174.6300000001
2012-08-03,32,1183571.3499999999
2012-08-03,33,258533.12
2012-08-03,34,973250.4099999999
2012-08-03,35,866216.3600000003
2012-08-03,36,304989.97
2012-08-03,37,521959.28
2012-08-03,38,469311.17000000004
2012-08-03,39,1608277.74
2012-08-03,4,2174514.1299999994
2012-08-03,40,1068346.76
2012-08-03,41,1439607.3499999999
2012-08-03,42,573084.7100000001
2012-08-03,43,614378.94
2012-08-03,44,342385.38
2012-08-03,45,725729.5099999995
2012-08-03,5,324195.17000000004
2012-08-03,6,1627274.93
2012-08-03,7,680954.8099999998
2012-08-03,8,897076.7300000003
2012-08-03,9,533887.5399999999
2012-08-10,1,1592409.97
2012-08-10,10,1880436.94
2012-08-10,11,1388973.6500000001
2012-08-10,12,984689.9
2012-08-10,13,2041019.9200000004
2012-08-10,14,1648570.0300000005
2012-08-10,15,590453.6299999998
2012-08-10,16,554036.8400000001
2012-08-10,17,849074.0399999999
2012-08-10,18,967304.07
2012-08-10,19,1408907.8900000001
2012-08-10,2,1866719.9599999997
2012-08-10,20,2144245.389999999
2012-08-10,21,700272.0100000004
2012-08-10,22,973812.7900000002
2012-08-10,23,1436311.7599999998
2012-08-10,24,1497054.8099999998
2012-08-10,25,710496.9700000002
2012-08-10,26,1121476.5100000002
2012-08-10,27,1720537.26
2012-08-10,28,1269113.41
2012-08-10,29,518628.4200000001
2012-08-10,3,391811.60000000003
2012-08-10,30,430878.27999999997
2012-08-10,31,1386472.5899999999
2012-08-10,32,1227469.2000000002
2012-08-10,33,297753.49000000005
2012-08-10,34,1004523.5899999995
2012-08-10,35,888368.7999999999
2012-08-10,36,298947.51
2012-08-10,37,500964.58999999997
2012-08-10,38,436690.13000000006
2012-08-10,39,1641867.9200000004
2012-08-10,4,2193367.69
2012-08-10,40,1007906.43
2012-08-10,41,1504545.9400000002
2012-08-10,42,576620.3099999999
2012-08-10,43,643558.7799999998
2012-08-10,44,333594.81
2012-08-10,45,733037.3200000003
2012-08-10,5,306759.7
2012-08-10,6,1588380.7299999997
2012-08-10,7,675926.2999999998
2012-08-10,8,930745.6899999997
2012-08-10,9,538713.4699999999
2012-08-17,1,1597868.0500000003
2012-08-17,10,1827797.4
2012-08-17,11,1421307.1999999997
2012-08-17,12,1005003.1200000001
2012-08-17,13,2095769.1800000002
2012-08-17,14,1660433.3000000003
2012-08-17,15,579738.2
2012-08-17,16,521896.6
2012-08-17,17,844928.1699999999
2012-08-17,18,1048134.2400000001
2012-08-17,19,1375101.2600000005
2012-08-17,2,1928016.0100000005
2012-08-17,20,2045061.2200000002
2012-08-17,21,751963.8099999998
2012-08-17,22,981273.2600000002
2012-08-17,23,1510131.4500000004
2012-08-17,24,1397970.5400000003
2012-08-17,25,728467.72
2012-08-17,26,1068292.5600000003
2012-08-17,27,1735339.59
2012-08-17,28,1184198.41
2012-08-17,29,416881.66
2012-08-17,3,394918.8299999998
2012-08-17,30,423351.14999999997
2012-08-17,31,1410181.7
2012-08-17,32,1261306.37
2012-08-17,33,270097.76
2012-08-17,34,1013820.8600000001
2012-08-17,35,887979.47
2012-08-17,36,314607.22
2012-08-17,37,509633.7100000001
2012-08-17,38,411866.46
2012-08-17,39,1720221.9099999995
2012-08-17,4,2283540.3000000007
2012-08-17,40,969387.4800000001
2012-08-17,41,1560590.0499999993
2012-08-17,42,575997.78
2012-08-17,43,640210.8500000001
2012-08-17,44,327389.50999999995
2012-08-17,45,722496.9299999998
2012-08-17,5,314014.1799999999
2012-08-17,6,1543049.5200000005
2012-08-17,7,642450.3999999998
2012-08-17,8,896613.19
2012-08-17,9,535153.4700000001
2012-08-24,1,1494122.3800000004
2012-08-24,10,1764984.1500000008
2012-08-24,11,1409515.7300000002
2012-08-24,12,1048101.3900000002
2012-08-24,13,2059458.2500000007
2012-08-24,14,1621841.33
2012-08-24,15,606210.7699999998
2012-08-24,16,551152.1499999999
2012-08-24,17,924299.7799999998
2012-08-24,18,1145840.9099999997
2012-08-24,19,1544653.3700000003
2012-08-24,2,1876788.15
2012-08-24,20,2005341.4300000002
2012-08-24,21,802003.6100000001
2012-08-24,22,1060906.75
2012-08-24,23,1702220.9599999997
2012-08-24,24,1303726.5399999998
2012-08-24,25,756527.6400000002
2012-08-24,26,1022704.2
2012-08-24,27,1780443.3599999999
2012-08-24,28,1199309.59
2012-08-24,29,615026.15
2012-08-24,3,412449.66999999987
2012-08-24,30,425296.65
2012-08-24,31,1379783.2100000002
2012-08-24,32,1272809.1099999996
2012-08-24,33,247672.55999999997
2012-08-24,34,926250.21
2012-08-24,35,895274.7200000001
2012-08-24,36,282545.55
2012-08-24,37,522665.04
2012-08-24,38,397428.2199999999
2012-08-24,39,1724669.75
2012-08-24,4,2125241.6799999997
2012-08-24,40,945318.4699999995
2012-08-24,41,1464462.8499999999
2012-08-24,42,535537.0299999999
2012-08-24,43,598234.6400000001
2012-08-24,44,337985.74000000005
2012-08-24,45,718232.2599999999
2012-08-24,5,320831.36
2012-08-24,6,1501095.49
2012-08-24,7,609099.3699999999
2012-08-24,8,936373.6499999998
2012-08-24,9,572887.78
2012-08-31,1,1582083.4000000001
2012-08-31,10,1650285.5400000003
2012-08-31,11,1372872.3500000006
2012-08-31,12,1061943.4900000002
2012-08-31,13,2073855.42
2012-08-31,14,1613342.19
2012-08-31,15,610185.3199999998
2012-08-31,16,551837.31
2012-08-31,17,865924.1999999997
2012-08-31,18,1117097.23
2012-08-31,19,1542719.8699999999
2012-08-31,2,1947083.3000000003
2012-08-31,20,2062481.5600000003
2012-08-31,21,763867.5900000001
2012-08-31,22,1022270.86
2012-08-31,23,1577468.7800000007
2012-08-31,24,1344558.9200000004
2012-08-31,25,714828.73
2012-08-31,26,1053495.51
2012-08-31,27,1731935.4300000004
2012-08-31,28,1227118.7499999998
2012-08-31,29,545844.91
2012-08-31,3,408838.73000000004
2012-08-31,30,439132.50000000006
2012-08-31,31,1373651.49
2012-08-31,32,1183979.2700000003
2012-08-31,33,237129.81
2012-08-31,34,933487.7099999998
2012-08-31,35,931278.97
2012-08-31,36,282647.4799999999
2012-08-31,37,538344.1
2012-08-31,38,424904.95000000007
2012-08-31,39,1710923.94
2012-08-31,4,2081181.3500000006
2012-08-31,40,987264.6699999999
2012-08-31,41,1360517.5199999998
2012-08-31,42,504760.56999999995
2012-08-31,43,593141.29
2012-08-31,44,339490.69000000006
2012-08-31,45,734297.87
2012-08-31,5,344642.01
2012-08-31,6,1577439.8100000003
2012-08-31,7,586467.1599999997
2012-08-31,8,976137.7300000003
2012-08-31,9,576879.15
2012-09-07,1,1661767.3299999998
2012-09-07,10,1708283.2800000003
2012-09-07,11,1304584.4000000001
2012-09-07,12,955146.0399999998
2012-09-07,13,2165796.31
2012-09-07,14,1904512.3399999996
2012-09-07,15,587259.82
2012-09-07,16,537138.58
2012-09-07,17,1255633.2899999998
2012-09-07,18,1083521.2400000002
2012-09-07,19,1497073.82
2012-09-07,2,1898777.07
2012-09-07,20,2080529.0600000008
2012-09-07,21,642827.29
2012-09-07,22,996628.8000000004
2012-09-07,23,1427162.26
2012-09-07,24,1477134.7500000002
2012-09-07,25,671482.9000000001
2012-09-07,26,1081874.0300000003
2012-09-07,27,1840955.2300000002
2012-09-07,28,1469693.99
2012-09-07,29,540811.85
2012-09-07,3,408229.73
2012-09-07,30,433565.77
2012-09-07,31,1358111.6200000003
2012-09-07,32,1126685.9499999995
2012-09-07,33,286428.77999999997
2012-09-07,34,976415.5600000002
2012-09-07,35,984833.35
2012-09-07,36,293728.57
2012-09-07,37,526838.14
2012-09-07,38,490274.81999999995
2012-09-07,39,1609811.7500000005
2012-09-07,4,2125104.7199999997
2012-09-07,40,1088248.4
2012-09-07,41,1392143.8200000003
2012-09-07,42,617405.3500000001
2012-09-07,43,663814.1800000002
2012-09-07,44,338737.32999999996
2012-09-07,45,766512.6599999999
2012-09-07,5,350648.91000000003
2012-09-07,6,1608077.0099999998
2012-09-07,7,597876.55
2012-09-07,8,932160.37
2012-09-07,9,565812.2899999999
2012-09-14,1,1517428.8699999999
2012-09-14,10,1640168.99
2012-09-14,11,1267675.05
2012-09-14,12,885892.3700000001
2012-09-14,13,1919917.0299999996
2012-09-14,14,1554794.22
2012-09-14,15,527509.76
2012-09-14,16,526525.1599999999
2012-09-14,17,1071040.22
2012-09-14,18,960476.1
2012-09-14,19,1370653.4099999997
2012-09-14,2,1814806.6300000001
2012-09-14,20,2047949.9800000002
2012-09-14,21,628494.6299999999
2012-09-14,22,918049.2800000003
2012-09-14,23,1279041.6399999994
2012-09-14,24,1242909.53
2012-09-14,25,657241.6300000001
2012-09-14,26,986131.94
2012-09-14,27,1519604.5000000002
2012-09-14,28,1124660.7699999996
2012-09-14,29,475127.18000000005
2012-09-14,3,407589.1599999999
2012-09-14,30,437773.30999999994
2012-09-14,31,1327705.44
2012-09-14,32,1156377.47
2012-09-14,33,277417.53
2012-09-14,34,955211.7000000001
2012-09-14,35,821568.6400000004
2012-09-14,36,301893.63000000006
2012-09-14,37,514651.74000000005
2012-09-14,38,430944.39
2012-09-14,39,1447614.08
2012-09-14,4,2117854.599999999
2012-09-14,40,901709.82
2012-09-14,41,1306644.2500000005
2012-09-14,42,586737.6599999998
2012-09-14,43,625196.94
2012-09-14,44,347726.67000000004
2012-09-14,45,702238.2699999997
2012-09-14,5,299800.6700000001
2012-09-14,6,1375166.8599999999
2012-09-14,7,541120.2
2012-09-14,8,883569.3800000001
2012-09-14,9,523427.3500000001
2012-09-21,1,1506126.06
2012-09-21,10,1671857.5699999998
2012-09-21,11,1326132.98
2012-09-21,12,922735.3700000002
2012-09-21,13,1938379.66
2012-09-21,14,1565352.4599999997
2012-09-21,15,533161.64
2012-09-21,16,509942.55999999994
2012-09-21,17,938303.2800000003
2012-09-21,18,971386.6499999999
2012-09-21,19,1338572.2899999998
2012-09-21,2,1829415.6700000006
2012-09-21,20,2028587.2400000002
2012-09-21,21,667151.4600000001
2012-09-21,22,921612.5299999998
2012-09-21,23,1338627.5499999996
2012-09-21,24,1261158.47
2012-09-21,25,664745.2000000001
2012-09-21,26,961084.08
2012-09-21,27,1557485.75
2012-09-21,28,1135340.19
2012-09-21,29,489079.23
2012-09-21,3,414392.09
2012-09-21,30,443891.64
2012-09-21,31,1373064.8699999999
2012-09-21,32,1159119.5999999999
2012-09-21,33,252709.58000000002
2012-09-21,34,943047.78
2012-09-21,35,772302.9399999998
2012-09-21,36,293804.44999999995
2012-09-21,37,521320.98
2012-09-21,38,409600.98
2012-09-21,39,1555672.5099999998
2012-09-21,4,2119438.53
2012-09-21,40,899768.4000000001
2012-09-21,41,1276609.3599999999
2012-09-21,42,527165.7
2012-09-21,43,601990.0200000001
2012-09-21,44,336017.60000000003
2012-09-21,45,723086.2000000002
2012-09-21,5,307306.7600000001
2012-09-21,6,1425603.6500000001
2012-09-21,7,530842.25
2012-09-21,8,857796.4499999997
2012-09-21,9,533756.88
2012-09-28,1,1437059.2600000002
2012-09-28,10,1694862.4100000004
2012-09-28,11,1227430.7300000004
2012-09-28,12,880415.6699999996
2012-09-28,13,1927664.1100000003
2012-09-28,14,1522512.2
2012-09-28,15,553901.9700000001
2012-09-28,16,469607.73
2012-09-28,17,972716.2400000001
2012-09-28,18,1002856.2000000002
2012-09-28,19,1338299.0199999998
2012-09-28,2,1746470.5600000003
2012-09-28,20,2008350.5800000005
2012-09-28,21,647097.65
2012-09-28,22,976479.51
2012-09-28,23,1319035.06
2012-09-28,24,1259278.3599999996
2012-09-28,25,683300.8400000001
2012-09-28,26,964726.3699999999
2012-09-28,27,1540687.6300000001
2012-09-28,28,1129508.6100000006
2012-09-28,29,489674.2299999999
2012-09-28,3,389813.02000000014
2012-09-28,30,425410.0399999999
2012-09-28,31,1279080.58
2012-09-28,32,1157111.1500000001
2012-09-28,33,242813.50999999995
2012-09-28,34,928629.31
2012-09-28,35,814099.8599999999
2012-09-28,36,270677.98
2012-09-28,37,527953.1399999999
2012-09-28,38,398468.0800000001
2012-09-28,39,1495607.0699999996
2012-09-28,4,2027620.2299999995
2012-09-28,40,919595.4399999997
2012-09-28,41,1307928.0100000002
2012-09-28,42,505978.46
2012-09-28,43,577792.3200000001
2012-09-28,44,355307.94
2012-09-28,45,713173.9499999998
2012-09-28,5,310141.68000000005
2012-09-28,6,1369131.4599999995
2012-09-28,7,525545.7599999998
2012-09-28,8,884724.4100000001
2012-09-28,9,516361.06000000023
2012-10-05,1,1670785.9699999997
2012-10-05,10,1758971.3800000004
2012-10-05,11,1422794.26
2012-10-05,12,979825.92
2012-10-05,13,2041918.7400000005
2012-10-05,14,1687592.1600000001
2012-10-05,15,573498.64
2012-10-05,16,471281.6800000001
2012-10-05,17,952609.1700000002
2012-10-05,18,1092204.79
2012-10-05,19,1408016.1
2012-10-05,2,1998321.0400000005
2012-10-05,20,2246411.89
2012-10-05,21,651768.9099999998
2012-10-05,22,1009887.3600000003
2012-10-05,23,1464616.59
2012-10-05,24,1416720.54
2012-10-05,25,699536.7299999997
2012-10-05,26,1095504.2599999998
2012-10-05,27,1591816.88
2012-10-05,28,1462941.0300000003
2012-10-05,29,520632.79999999993
2012-10-05,3,443557.64999999997
2012-10-05,30,446751.45000000007
2012-10-05,31,1363365.05
2012-10-05,32,1202775.2400000002
2012-10-05,33,265444.9
2012-10-05,34,968896.68
2012-10-05,35,866064.4000000003
2012-10-05,36,277137.86
2012-10-05,37,546122.3700000001
2012-10-05,38,458479.00999999995
2012-10-05,39,1574408.6700000002
2012-10-05,4,2209835.43
2012-10-05,40,1069112.0000000002
2012-10-05,41,1400160.95
2012-10-05,42,593162.5299999999
2012-10-05,43,642614.8899999999
2012-10-05,44,337390.44
2012-10-05,45,733455.07
2012-10-05,5,343048.29
2012-10-05,6,1518177.71
2012-10-05,7,505830.55999999994
2012-10-05,8,976436.0200000001
2012-10-05,9,606755.3000000002
2012-10-12,1,1573072.8099999998
2012-10-12,10,1713889.1099999996
2012-10-12,11,1311965.09
2012-10-12,12,934917.4700000001
2012-10-12,13,1999079.44
2012-10-12,14,1639585.6100000003
2012-10-12,15,551799.6300000001
2012-10-12,16,491817.1899999997
2012-10-12,17,919878.3400000002
2012-10-12,18,1074079.0
2012-10-12,19,1352809.5
2012-10-12,2,1900745.1300000001
2012-10-12,20,2162951.3599999994
2012-10-12,21,653043.44
2012-10-12,22,1004039.8399999999
2012-10-12,23,1412925.25
2012-10-12,24,1416301.1700000006
2012-10-12,25,697317.4099999999
2012-10-12,26,1044639.6900000005
2012-10-12,27,1660081.29
2012-10-12,28,1205536.7100000002
2012-10-12,29,513736.99999999994
2012-10-12,3,410804.3899999999
2012-10-12,30,434593.26
2012-10-12,31,1401113.4199999997
2012-10-12,32,1176681.3099999998
2012-10-12,33,291781.14999999997
2012-10-12,34,948613.39
2012-10-12,35,873643.1399999997
2012-10-12,36,300236.85
2012-10-12,37,521810.75000000006
2012-10-12,38,437320.66000000003
2012-10-12,39,1494417.0699999998
2012-10-12,4,2133026.0700000003
2012-10-12,40,982523.2599999999
2012-10-12,41,1409544.97
2012-10-12,42,612379.8999999999
2012-10-12,43,619369.7199999999
2012-10-12,44,337796.1300000001
2012-10-12,45,734464.36
2012-10-12,5,325345.41000000003
2012-10-12,6,1459396.8399999999
2012-10-12,7,503463.93
2012-10-12,8,927511.9900000001
2012-10-12,9,558464.8
2012-10-19,1,1508068.7700000003
2012-10-19,10,1734834.82
2012-10-19,11,1232073.1800000002
2012-10-19,12,960945.43
2012-10-19,13,2018010.1500000001
2012-10-19,14,1590274.7200000004
2012-10-19,15,555652.7700000001
2012-10-19,16,577198.97
2012-10-19,17,957356.84
2012-10-19,18,1048706.7500000002
2012-10-19,19,1321102.3499999999
2012-10-19,2,1847990.4100000008
2012-10-19,20,1999363.4900000002
2012-10-19,21,641368.14
2012-10-19,22,978027.9499999998
2012-10-19,23,1363155.7699999998
2012-10-19,24,1255414.84
2012-10-19,25,685531.8499999999
2012-10-19,26,975578.02
2012-10-19,27,1620374.2400000005
2012-10-19,28,1143724.4799999995
2012-10-19,29,516909.24000000005
2012-10-19,3,424513.08000000025
2012-10-19,30,437537.29000000004
2012-10-19,31,1378730.4500000002
2012-10-19,32,1199292.0600000003
2012-10-19,33,254412.34
2012-10-19,34,963516.2799999998
2012-10-19,35,829284.6699999998
2012-10-19,36,287360.05
2012-10-19,37,551969.1000000002
2012-10-19,38,428806.46
2012-10-19,39,1577486.3300000005
2012-10-19,4,2097266.85
2012-10-19,40,918170.5000000001
2012-10-19,41,1326197.2399999998
2012-10-19,42,541406.9799999999
2012-10-19,43,623919.23
2012-10-19,44,323766.77
2012-10-19,45,718125.53
2012-10-19,5,313358.1500000001
2012-10-19,6,1436883.9900000005
2012-10-19,7,516424.82999999996
2012-10-19,8,900309.75
2012-10-19,9,542009.46
2012-10-26,1,1493659.7399999995
2012-10-26,10,1744349.0500000005
2012-10-26,11,1200729.4500000004
2012-10-26,12,974697.5999999997
2012-10-26,13,2035189.6600000001
2012-10-26,14,1704357.62
2012-10-26,15,558473.6
2012-10-26,16,475770.14
2012-10-26,17,943465.2899999997
2012-10-26,18,1127516.25
2012-10-26,19,1322117.9600000002
2012-10-26,2,1834458.35
2012-10-26,20,2031650.5500000005
2012-10-26,21,675202.87
2012-10-26,22,1094422.69
2012-10-26,23,1347454.59
2012-10-26,24,1307182.29
2012-10-26,25,688940.9400000003
2012-10-26,26,958619.7999999999
2012-10-26,27,1703047.7400000005
2012-10-26,28,1213860.6100000003
2012-10-26,29,534970.6799999999
2012-10-26,3,405432.70000000007
2012-10-26,30,439424.5
2012-10-26,31,1340232.5500000003
2012-10-26,32,1219979.29
2012-10-26,33,253731.13
2012-10-26,34,956987.8099999999
2012-10-26,35,865137.5999999995
2012-10-26,36,272489.41
2012-10-26,37,534738.4299999999
2012-10-26,38,417290.38
2012-10-26,39,1569502.0000000002
2012-10-26,4,2149594.46
2012-10-26,40,921264.5199999998
2012-10-26,41,1316542.5899999999
2012-10-26,42,514756.0800000001
2012-10-26,43,587603.55
2012-10-26,44,361067.07
2012-10-26,45,760281.4299999998
2012-10-26,5,319550.77
2012-10-26,6,1431426.34
2012-10-26,7,495543.27999999997
2012-10-26,8,891671.4400000002
2012-10-26,9,549731.4899999999
